{"cameraMode":{"drawMode":0,"name":"Shaded","section":"Shading Mode"},"sceneLighting":true,"audioPlay":false,"sceneViewState":{"showFog":true,"showMaterialUpdate":false,"showSkybox":true,"showFlares":true,"showImageEffects":true,"showParticleSystems":true},"in2DMode":false,"pivot":{"x":-8.640000343322754,"y":9.645999908447266,"z":28.709999084472658},"rotation":{"x":0.07515298575162888,"y":0.9199500679969788,"z":-0.31696653366088869,"w":0.21811966598033906},"size":15.747538566589356,"orthographic":false}