{"cameraMode":{"drawMode":0,"name":"Shaded","section":"Shading Mode"},"sceneLighting":true,"audioPlay":false,"sceneViewState":{"showFog":true,"showMaterialUpdate":false,"showSkybox":true,"showFlares":true,"showImageEffects":true,"showParticleSystems":true},"in2DMode":false,"pivot":{"x":-4.039999961853027,"y":9.424288749694825,"z":24.85828399658203},"rotation":{"x":0.06267306953668595,"y":-0.575262188911438,"z":0.044274911284446719,"w":0.8143618106842041},"size":9.499590873718262,"orthographic":false}