{"cameraMode":{"drawMode":0,"name":"Shaded","section":"Shading Mode"},"sceneLighting":false,"audioPlay":false,"sceneViewState":{"showFog":true,"showMaterialUpdate":false,"showSkybox":true,"showFlares":true,"showImageEffects":true,"showParticleSystems":true},"in2DMode":false,"pivot":{"x":4.079999923706055,"y":12.60000228881836,"z":8.929998397827149},"rotation":{"x":0.06228155642747879,"y":0.17572209239006043,"z":-0.011130508966743946,"w":0.9824047088623047},"size":43.718753814697269,"orthographic":false}