{"cameraMode":{"drawMode":0,"name":"Shaded","section":"Shading Mode"},"sceneLighting":true,"audioPlay":false,"sceneViewState":{"showFog":true,"showMaterialUpdate":false,"showSkybox":true,"showFlares":true,"showImageEffects":true,"showParticleSystems":true},"in2DMode":false,"pivot":{"x":-3.7896616458892824,"y":10.884742736816407,"z":18.795589447021486},"rotation":{"x":0.04418141022324562,"y":-0.6352518796920776,"z":0.036453478038311008,"w":0.7701780796051025},"size":5.490193843841553,"orthographic":false}